<?xml version="1.0" encoding="UTF-8"?>
<project name="build-dojo" default="copy-resources" basedir=".">
	<!--
		This file does not require editing.  To add dojo resources to applications, add the dojo resources to the dojo root
		folder and then they will automatically be placed inside of dojo applications.  All files and folders under the dojo 
		root will be copied in to applications that have been enabled for dojo.
	-->
	<description>
		Build file for handling the Dojo Toolkit during the build.
	</description>

	<property file="build-dojo.properties"/>
	<property name="prefs.file" value="../../.settings/com.ibm.imp.worklight.core.prefs"/>

	<target name="-check-prefs-exist">
		<available file="${prefs.file}" property="prefs.exists"/>
	</target>

	<target name="-check-dojo-enablement" depends="-check-prefs-exist" if="prefs.exists">
		<loadproperties srcFile="${prefs.file}">
			<filterchain>
				<linecontains>
					<contains value="toolkit/apps/${app.id}/dojo=true"/>
				</linecontains>
			</filterchain>
		</loadproperties>
	</target>

	<target name="-compute-dojo-root" if="dojo.workspaceRoot">
		<property name="dojo.root" value="../../..${dojo.workspaceRoot}"/>
	</target>

	<target name="-display-dojo-warning" unless="toolkit/apps/${app.id}/dojo">
		<echo level="error">The Dojo Toolkit has not been added to the application.</echo>
	</target>

	<target name="-display-build-dir-warning" unless="build.dir">
		<echo level="error">The build.dir property is not specified.</echo>
		<echo level="info">Do not run the target manually. The target is automatically called by Worklight Studio and the standalone builder.</echo>
	</target>

	<target name="-init-copy-resources" depends="-check-dojo-enablement,-compute-dojo-root">
		<condition property="copy-resources.enabled">
			<and>
				<isset property="toolkit/apps/${app.id}/dojo"/>
				<isset property="dojo.root"/>
				<isset property="build.dir"/>
			</and>
		</condition>
		<antcall target="-display-dojo-warning"/>
		<antcall target="-display-build-dir-warning"/>
	</target>

	<!--
		All files and folders under the dojo root will be copied in to applications that have been enabled for dojo.
	-->
	<target name="copy-resources" depends="-init-copy-resources" if="copy-resources.enabled">
	       <copy todir="${build.dir}">
	          <fileset dir="${dojo.root}" />
	       </copy>
	</target>
	
</project>
